,Key,Ans,Marks,New Marks,Similarity,Grammer,Keyword
0,"Object-oriented programming (OOP) is a computer programming model that organizes software design around data, or objects, rather than functions and logic. It follows the bottom-up approach.","An OOP is a modular approach, which allows data to be applied on stipulated program area. It is a feature to develop productive emphasis on data . It also provides the reusability logic",3,1,0.54810876,0.7849878668785095,0.28
1,"Object-oriented programming (OOP) is a computer programming model that organizes software design around data, or objects, rather than functions and logic. It follows the bottom-up approach.","An opps is a modular approach which allows data to be applied within stipulated program area, It also provides the reusability feature to develop productive logic which means to give more emphasis on data",4,2,0.3735153,0.7094900012016296,0.136
2,"Object-oriented programming (OOP) is a computer programming model that organizes software design around data, or objects, rather than functions and logic. It follows the bottom-up approach.","A programming language structure where in the data and their associated processing are defined, as self-containd entities called ""objects"". The norm today oop languages, such as C++ & Java.",5,2,0.50391084,0.9335289597511292,0.136
3,"Object-oriented programming (OOP) is a computer programming model that organizes software design around data, or objects, rather than functions and logic. It follows the bottom-up approach.",Object Oriented Programming involves programming around objects and its data. All the codes in Object Oriented Programming are written in classes and objects.,3,1,0.6122718,0.9625387787818909,0.424
4,"Object-oriented programming (OOP) is a computer programming model that organizes software design around data, or objects, rather than functions and logic. It follows the bottom-up approach.","Object Oriented Programming approach organizes a program around its data (ie. objects) & a set of wall defined interfaces to that data, An oop program can be characterised as data controlling access to code.",4,2,0.6774863,0.6689481139183044,0.424
5,"Object-oriented programming (OOP) is a computer programming model that organizes software design around data, or objects, rather than functions and logic. It follows the bottom-up approach.","object-oriented programming is a programming paradigm based on the concept of ""objects"", which can contain data and code: data in the form of fields, and code in the foram of procedures. A feature of objects is that an object's own procedures can access and often modify the data fields of itself.",4,2,0.61938596,0.9403074979782104,0.136
6,"Object-oriented programming (OOP) is a computer programming model that organizes software design around data, or objects, rather than functions and logic. It follows the bottom-up approach.",The object oriented programming is the basic core of java. All the codes of the programming java language is written into the classes and objects.,2,1,0.4730059,0.935806930065155,0.0
7,"Object-oriented programming (OOP) is a computer programming model that organizes software design around data, or objects, rather than functions and logic. It follows the bottom-up approach.",Objet oriented Programming - It is defined as the paradigm in which a program is created with a set of objects and well defined interface. It can also be said as data controlling access to code.,3,1,0.5200338,0.8723757266998291,0.424
8,"Object-oriented programming (OOP) is a computer programming model that organizes software design around data, or objects, rather than functions and logic. It follows the bottom-up approach.",Object oriented Pocagramming is based on the concepts of objects. Objects contain data in the form of attributes and coole in the form of methods. The computer programs are designed using concept of object that interact with real world.,3,1,0.5689774,0.521356999874115,0.28
9,"Object-oriented programming (OOP) is a computer programming model that organizes software design around data, or objects, rather than functions and logic. It follows the bottom-up approach.",Object oriented programming is a programming paradigm based on the concepts of objects which can contain data and code. Object oriented programming is at the core of Java,3,1,0.59718776,0.9898384809494019,0.136
10,"Object-oriented programming (OOP) is a computer programming model that organizes software design around data, or objects, rather than functions and logic. It follows the bottom-up approach.","OOP uses objects in programming. oop aims implement to real-world entities like encapsulation,polymorphism etc in programming. The main aim of oop bind is to together the data and functions that operate on them so that no other part of the code can access that this data except that function .",6,3,0.5857761,0.9293439388275146,0.856
11,"Object-oriented programming (OOP) is a computer programming model that organizes software design around data, or objects, rather than functions and logic. It follows the bottom-up approach.","Object oriented programming - this approach organizes a program around its data, that is objects, and a set of well-defined interface to the data in object oriented programming can be characterized as data controlling access to code",4,2,0.6710477,0.6558924317359924,0.424
12,"Object-oriented programming (OOP) is a computer programming model that organizes software design around data, or objects, rather than functions and logic. It follows the bottom-up approach.",Object Oriented Programming is defined as an approach of writing the program into objects and classes,1,0,0.60977954,0.971760094165802,0.288
13,"Object-oriented programming (OOP) is a computer programming model that organizes software design around data, or objects, rather than functions and logic. It follows the bottom-up approach.",OOP is the core of Java. All java programs are to be at least object oriented to some extent. OOP could be thought as code acting on data. This approach organizes a program around its data (or object) and a set of well-defined interfaces to that data. It can be characterized as data controlling access to code,3,1,0.617642,0.9813001751899719,0.712
14,"Object-oriented programming (OOP) is a computer programming model that organizes software design around data, or objects, rather than functions and logic. It follows the bottom-up approach.","Object oriented programming organizes a program around its data and a set of well defined interfaces to that data. It can be taken data controlling access to
 code.",3,1,0.6516679,0.5261989831924438,0.424
15,"Object-oriented programming (OOP) is a computer programming model that organizes software design around data, or objects, rather than functions and logic. It follows the bottom-up approach.",Object oriented Programming - it is a programming paradign in which mare importance is given to the object rather than the code. It gives more importance to the data and then defines obiects that hold-this data,4,2,0.5967402,0.5573253631591797,0.28
16,"Object-oriented programming (OOP) is a computer programming model that organizes software design around data, or objects, rather than functions and logic. It follows the bottom-up approach.","Object Oriented programming is an approach that Organises its program according to its data and a set of well defined interfaces that act on the data. It helps organise complex programs into simples steps with the use of inheritance, encapsulation and polymorphism. It is data controlling access to the code.",4,2,0.62211543,0.8587958812713623,0.424
17,"Object-oriented programming (OOP) is a computer programming model that organizes software design around data, or objects, rather than functions and logic. It follows the bottom-up approach.",object orient programming is the programming technique based on the concept of objects which contain methods and data members and it is a bottom up approach method.,5,2,0.74449116,0.6022496819496155,0.0
18,"Object-oriented programming (OOP) is a computer programming model that organizes software design around data, or objects, rather than functions and logic. It follows the bottom-up approach.","In Object Oriented Programming, the code is organised around the data ( or objects). The data is kept safe and it can be accessed theough well defined interfaces.",2,1,0.6380233,0.9198564887046814,0.568
19,"Object-oriented programming (OOP) is a computer programming model that organizes software design around data, or objects, rather than functions and logic. It follows the bottom-up approach.",Object Oriented Programming is a programming approach where the programs are built around the data. It is also referred as data accessing control over the code or program.,2,1,0.6813318,0.9195206761360168,0.424
20,"Object-oriented programming (OOP) is a computer programming model that organizes software design around data, or objects, rather than functions and logic. It follows the bottom-up approach.",Object oriented programming is the concept based on the collection of objects which can contain data and code. The java program is written in the form of objects and classes,3,1,0.5640546,0.9798671007156372,0.136
21,"Object-oriented programming (OOP) is a computer programming model that organizes software design around data, or objects, rather than functions and logic. It follows the bottom-up approach.",Object oriented Approach Programming is an approach were the focus is an on objects that is data & functions together rather than the procedure,5,2,0.7087003,0.6545490622520447,0.28
22,"Object-oriented programming (OOP) is a computer programming model that organizes software design around data, or objects, rather than functions and logic. It follows the bottom-up approach.","Java is a class based object oriented program. OOP concept intend to improve code reability on a reusability,",2,1,0.4367119,0.8450362682342529,0.0
23,"Object-oriented programming (OOP) is a computer programming model that organizes software design around data, or objects, rather than functions and logic. It follows the bottom-up approach.","OOP stands for object-oriented programming. Procedural programming is about writing procedures or functions that perform operations on data, when object oriented programming is all about creating objects that contain both data and functions.",5,2,0.6063497,0.9894019961357117,0.424
24,"Object-oriented programming (OOP) is a computer programming model that organizes software design around data, or objects, rather than functions and logic. It follows the bottom-up approach.","Object oriented Programming is a programming paradigm based on the concepts of ""objects"" that contain data and methods. The main purpose of oop is to increase the flexibility and maintainability of programs.",4,2,0.6121856,0.9896753430366516,0.28
25,"Object-oriented programming (OOP) is a computer programming model that organizes software design around data, or objects, rather than functions and logic. It follows the bottom-up approach.",Oriented programming is a type of programming in which data is given more preference over code. as In Object oriented programming everything is dealt as an object. Object Oriented programming follows Bottom-up approach.,5,2,0.694592,0.7212369441986084,0.568
26,"Object-oriented programming (OOP) is a computer programming model that organizes software design around data, or objects, rather than functions and logic. It follows the bottom-up approach.","Object Oriented Programming is the core of Java, in fact all Java Programs are to atleast some extent object oriented. It is a programming paradigm based on the concept of ""objects"" which can contain data and code, data in the form of producers",3,1,0.5425287,0.988929808139801,0.28
27,"Object-oriented programming (OOP) is a computer programming model that organizes software design around data, or objects, rather than functions and logic. It follows the bottom-up approach.",Object oriented Programming is at the core of Java. Most of the programs are obiect Oriented in Java. Oop organizes a program around its data and adds a defined interface to that data. It is characterized as data controlling access to code. So all the code in Java is written into classes and objects & Performing multithreaded Operations.,4,2,0.65938026,0.868704617023468,0.568
28,"Object-oriented programming (OOP) is a computer programming model that organizes software design around data, or objects, rather than functions and logic. It follows the bottom-up approach.",one of the methods of arranging the data & the code together to perform a particular set of comnaands or operations. This approach organises a program around data and a set of well-defined as envrionment to process that data. An Object Oriented Program har a peculiar characteristic of data controlling the access to code.,2,1,0.601115,0.8731128573417664,0.424
29,"Object-oriented programming (OOP) is a computer programming model that organizes software design around data, or objects, rather than functions and logic. It follows the bottom-up approach.",Object oriented Programming is a concept that combines both the data and functions that operate on that data into a single unit called object.,4,2,0.566672,0.989518940448761,0.424
30,"Object-oriented programming (OOP) is a computer programming model that organizes software design around data, or objects, rather than functions and logic. It follows the bottom-up approach.",The object oriented programming is the organization of a program around its data and a set of well defined interfaces to the data.,3,1,0.65455645,0.9808896780014038,0.424
31,"Object-oriented programming (OOP) is a computer programming model that organizes software design around data, or objects, rather than functions and logic. It follows the bottom-up approach.",This approach organizes a program around its data and a set of well defined interfaces to that data,3,1,0.5928199,0.913389265537262,0.424
32,"Object-oriented programming (OOP) is a computer programming model that organizes software design around data, or objects, rather than functions and logic. It follows the bottom-up approach.","object oriented programming in a programing language structure where data and their assosiated processing are defined as self-contained entities called "" Objects"".
 OOPS computer programs are designed in such a way that it makes objects interact with one another",4,2,0.6043682,0.8536396026611328,0.136
33,"Object-oriented programming (OOP) is a computer programming model that organizes software design around data, or objects, rather than functions and logic. It follows the bottom-up approach.","object diented programming by one of the procedural language that consists of a paradigm, ie. object oriented, process oriented in which we can achieve many things with the use of the object olonged Programming. The coding what we have written that is for only classes and objects.",3,1,0.5034732,0.907600462436676,0.144
34,"Object-oriented programming (OOP) is a computer programming model that organizes software design around data, or objects, rather than functions and logic. It follows the bottom-up approach.",Object Oriented programming is a paradigm to design a program using classes and objects. It simplifies the devlopment & maintainence of software.,5,2,0.6411794,0.9755959510803223,0.432
35,"Object-oriented programming (OOP) is a computer programming model that organizes software design around data, or objects, rather than functions and logic. It follows the bottom-up approach.",object oriented programming is an approach where the program is organized around the data or objects and a set of well defined interfaces to that data.,2,1,0.7011089,0.8931354880332947,0.424
36,"Object-oriented programming (OOP) is a computer programming model that organizes software design around data, or objects, rather than functions and logic. It follows the bottom-up approach.",Object oriented programming is the core of java programs and all java programs are to at least some extent,1,0,0.49812835,0.9595158696174622,0.0
37,"Object-oriented programming (OOP) is a computer programming model that organizes software design around data, or objects, rather than functions and logic. It follows the bottom-up approach.",Oops organises a program around its data ie. objects and a set of well defined interfaces to the data . It can be characterized as data controlling access to code .,3,1,0.6421465,0.8879207372665405,0.424
38,"Object-oriented programming (OOP) is a computer programming model that organizes software design around data, or objects, rather than functions and logic. It follows the bottom-up approach.","Object oriented programming unlike procedural oriented programming which focuses on lines of code, OOP focuses on data.  Oops is data controlling and its key concept is data. Oops mainly depends on objects and classes. An Object is a well-defined real life entity which has a state & a behaviour. A Class is a blue print of object and object is an instance of a class",4,2,0.586371,0.91693514585495,0.424
39,"Object-oriented programming (OOP) is a computer programming model that organizes software design around data, or objects, rather than functions and logic. It follows the bottom-up approach.","object oriented Programing or oops refer to language that uses objects in programming It aims to implement real-world entities like polymorphism, inheritance, class etc. and also it aims to attach or bind the data and the functions of the code and access the data.",5,2,0.5755564,0.7734595537185669,0.712
40,"Object-oriented programming (OOP) is a computer programming model that organizes software design around data, or objects, rather than functions and logic. It follows the bottom-up approach.",Object Oriented Programming is a programming Paradigm or approach where written code is treated like objects - entities with state and behavior.,3,1,0.61016846,0.9768927097320557,0.0
41,"Object-oriented programming (OOP) is a computer programming model that organizes software design around data, or objects, rather than functions and logic. It follows the bottom-up approach.",This approach organizes around its data (or object) and is a of well defined interfaces to that data. An OOP can be characterized as data controlling access to code.,2,1,0.65472883,0.5923961997032166,0.424
42,"Object-oriented programming (OOP) is a computer programming model that organizes software design around data, or objects, rather than functions and logic. It follows the bottom-up approach.",oop orgnizes a program around its dala (objects) and interfaces at that data. it's also defined as data controlling access code.,2,1,0.56592774,0.9288911819458008,0.568
43,"Object-oriented programming (OOP) is a computer programming model that organizes software design around data, or objects, rather than functions and logic. It follows the bottom-up approach.",The object oriented programing is a type of Programming where the code revolves around objects and its well defined objects. This means that a bunch of objects with well defined functions to access/modify them.,5,2,0.5485572,0.6245441436767578,0.432
44,"Object-oriented programming (OOP) is a computer programming model that organizes software design around data, or objects, rather than functions and logic. It follows the bottom-up approach.","Object Oriented Programming organizes its data, that is, it gives more importance to the data than the structural importance of data. It is defined as data controlling access to code",3,1,0.63146067,0.8944326043128967,0.136
45,"Object-oriented programming (OOP) is a computer programming model that organizes software design around data, or objects, rather than functions and logic. It follows the bottom-up approach.","An approach of programming where everything is represented as objets having a state and a behaviour. It can also be understood as a type of programming where the ""data controls classes to code""",2,1,0.4988099,0.577786386013031,0.288
46,"Object-oriented programming (OOP) is a computer programming model that organizes software design around data, or objects, rather than functions and logic. It follows the bottom-up approach.",Object oriented progamming can be characterized as data controlling access to code,2,1,0.5234639,0.9297469258308411,0.144
47,"Object-oriented programming (OOP) is a computer programming model that organizes software design around data, or objects, rather than functions and logic. It follows the bottom-up approach.","Object oriented programming is a type of programming where all the code is written in the form of classes and objects. In this, the code is organised around the data.",3,1,0.6593388,0.9865660071372986,0.424
48,"Object-oriented programming (OOP) is a computer programming model that organizes software design around data, or objects, rather than functions and logic. It follows the bottom-up approach.","This approach organizes a program around it's data (ie, objects) & a set of well defined Iterfaces to that data",1,0,0.63212705,0.6317501068115234,0.424
49,"Object-oriented programming (OOP) is a computer programming model that organizes software design around data, or objects, rather than functions and logic. It follows the bottom-up approach.","Object Oriented programming is a programming paradigm based on the concept of ""objects"", which can contain data and code: data in the form of fields, and code in the form of procedures. A feature of objects is that an objects in that an object's own procedures can access and often modify the data fields to of itself ",5,2,0.63138306,0.8432587385177612,0.136
50,"Object-oriented programming (OOP) is a computer programming model that organizes software design around data, or objects, rather than functions and logic. It follows the bottom-up approach.",It is the approach that organizes the program around the data and a set of null defined interfaces to the object,4,2,0.5976133,0.8990780115127563,0.568
51,"Object-oriented programming (OOP) is a computer programming model that organizes software design around data, or objects, rather than functions and logic. It follows the bottom-up approach.",OOP is at core of Java. It is a programming paradigm based on the concept of objects and set of well defined interfaces to that object,5,2,0.5661319,0.9903889298439026,0.288
52,"Object-oriented programming (OOP) is a computer programming model that organizes software design around data, or objects, rather than functions and logic. It follows the bottom-up approach.","any object oriented programming is the the programming which is object oriented approach in which the real world entities are divided into classes
and objects ",4,2,0.5778865,0.9107241034507751,0.288
53,"Object-oriented programming (OOP) is a computer programming model that organizes software design around data, or objects, rather than functions and logic. It follows the bottom-up approach.",Object-Oriented Programming is a methodology or a paradigm where a program uses classes and objects. It simplifies software developement and it is more focused on the data of the program and its security rather than the functions and process. This involves using objects which are entities having states and other data corresponding to it. Example: Person 1 is a object with atributes as name & Gender.,5,2,0.6418379,0.9440241456031799,0.712
54,"Object-oriented programming (OOP) is a computer programming model that organizes software design around data, or objects, rather than functions and logic. It follows the bottom-up approach.","object oriented programming is a method of implementation in which programs are Organized based on objects, each of which represent an instance of a class. A class contains all the data members, methods which can be used to modify / handle their objects. A class is similar to a blueprint. ",6,3,0.64283246,0.9479103088378906,0.0
55,"Object-oriented programming (OOP) is a computer programming model that organizes software design around data, or objects, rather than functions and logic. It follows the bottom-up approach.","This approach characterizes a program around its data and a set of well defined interfaces to that data.An object oriented plogram can be characterized as data controlling access to code. As the name suggests, it uses objects in programming. It aims to implement real world entities like inheritance, polymorphism etc. Oops concept brings this data and behavious in a single place called class and we can create any number of objects to represent different state for each object.",6,3,0.5134324,0.5931748151779175,0.856
56,"Object-oriented programming (OOP) is a computer programming model that organizes software design around data, or objects, rather than functions and logic. It follows the bottom-up approach.",An Object-oriented programming is a programming approach that organises the program ars around it's data (i e. the object) and a group of well-defined interfaces to that data.,5,2,0.6873967,0.7029421925544739,0.136
57,"Object-oriented programming (OOP) is a computer programming model that organizes software design around data, or objects, rather than functions and logic. It follows the bottom-up approach.",Object Oriented Programming is an approach that organizes a program around the data (objects) and a set of well-defined interfaces to that data. It can be characterized as data controlling access to code.,5,2,0.6807397,0.9535216689109802,0.424
58,"Object-oriented programming (OOP) is a computer programming model that organizes software design around data, or objects, rather than functions and logic. It follows the bottom-up approach.","object oriented programming is a programing based on
the concepts of of bjects, which can contain data and code.",4,2,0.5970971,0.6989822387695312,0.136
59,"Object-oriented programming (OOP) is a computer programming model that organizes software design around data, or objects, rather than functions and logic. It follows the bottom-up approach.","Object Oriented programming is defined as a programming concept that lets us create methods and variables, then re-use all without compromising with security. It makes use of objects and classes And makes the code more reusable. ",5,2,0.5788792,0.965534508228302,0.0
60,"Object-oriented programming (OOP) is a computer programming model that organizes software design around data, or objects, rather than functions and logic. It follows the bottom-up approach.",The object oriented programming is an approach organizes a program around its data (that is objects) and a set of all well-defilled interfaces to that data. An object oriented program can be characterized as dar a controlling access to code.,5,2,0.65123504,0.6779050827026367,0.424
61,"Object-oriented programming (OOP) is a computer programming model that organizes software design around data, or objects, rather than functions and logic. It follows the bottom-up approach.",Object oriented programing is a computer programing model that organizes Software design around objects and not functions and logic. Au object is a data field that has unique attributes and behaviour. Object and oriented programing combines a group of variables and functions into a single unit called an object. These objects can be organized together to form classes.,7,3,0.7473016,0.9401715397834778,0.432
62,"Object-oriented programming (OOP) is a computer programming model that organizes software design around data, or objects, rather than functions and logic. It follows the bottom-up approach.",Object orientend Program is a programming feature which allows the accessing of data and statements. It used to bottom to top approach,5,2,0.68994737,0.9532095193862915,0.136
63,"Object-oriented programming (OOP) is a computer programming model that organizes software design around data, or objects, rather than functions and logic. It follows the bottom-up approach.","This approach organizes a program around its data, that is, objects, and a set of well defined interfaces to that data. An object oriented program is characterized as data controlling access to code.",4,2,0.63964695,0.9629504680633545,0.424
64,"Object-oriented programming (OOP) is a computer programming model that organizes software design around data, or objects, rather than functions and logic. It follows the bottom-up approach.",object oriented programming is one in which data is given preference over code ie. data defines codes. OOP consists of classes and objects. Class is the blueprint that object follows. Objects are real world entities,5,2,0.58322644,0.9590303897857666,0.424
65,"Object-oriented programming (OOP) is a computer programming model that organizes software design around data, or objects, rather than functions and logic. It follows the bottom-up approach.",Object Oriented Programming  is at the core of Java. This approach organizes a program around its data (that is objects) and set of pre-defined interfaces to that data. An object oriented program can be characterized as data controlling access to code.,5,2,0.61941713,0.9660479426383972,0.424
66,"Object-oriented programming (OOP) is a computer programming model that organizes software design around data, or objects, rather than functions and logic. It follows the bottom-up approach.",Object-Oriented Programming is a programming practice based on the concepts of object and class. It is a approach organized around its data. The objects are real world entity that has a certain state ie. data members and behaviour ie. function. The class is a blueprint of objects which share some do similar properties.,6,3,0.6450028,0.6176099181175232,0.424
67,"Object-oriented programming (OOP) is a computer programming model that organizes software design around data, or objects, rather than functions and logic. It follows the bottom-up approach.",This approach organizes a program around its data (ie. objects) and a set of well defined interfaces to that data. An object oriented program can be characterised as data controlling access to code.,5,2,0.62684625,0.9612521529197693,0.424
68,"Object-oriented programming (OOP) is a computer programming model that organizes software design around data, or objects, rather than functions and logic. It follows the bottom-up approach.",This approach organizes a program around its data (ie. objects) and a set of well defined interfaces to that data. An object oriented program can be characterised as data controlling access to code.,5,2,0.62684625,0.9612521529197693,0.424
69,"Object-oriented programming (OOP) is a computer programming model that organizes software design around data, or objects, rather than functions and logic. It follows the bottom-up approach.",Object Oriented Programming is a programming language on which code is written inside the class,3,1,0.5811776,0.9842568039894104,0.0
70,"Object-oriented programming (OOP) is a computer programming model that organizes software design around data, or objects, rather than functions and logic. It follows the bottom-up approach.","This approach organizes a program around its object and a a set of well defined to interfaces that data. An object oriented program can be characterized as data controlling access to code. OOP is based on concept of objects, which can contain data and code, data in the form of fields and behaviour in the form of procedures",5,2,0.6662912,0.8755645751953125,0.712
71,"Object-oriented programming (OOP) is a computer programming model that organizes software design around data, or objects, rather than functions and logic. It follows the bottom-up approach.","Object oriented programming is the core of Java, and all java programs are in some extent object oriented. Object-oriented programming organizes a program around its data (objects) and a set of null-defined interfaces to that data. It can be characterized as data controlling access to code.",5,2,0.5983802,0.9756293892860413,0.568
72,"Object-oriented programming (OOP) is a computer programming model that organizes software design around data, or objects, rather than functions and logic. It follows the bottom-up approach.",Object oriented programming is at the core of java .This approach organizes its program around its data and a set of well-defined interface to that data. Object oriented programming can be characterized as data controlling access to code.,5,2,0.62942487,0.897232711315155,0.424
73,"Object-oriented programming (OOP) is a computer programming model that organizes software design around data, or objects, rather than functions and logic. It follows the bottom-up approach.","This approach organizes its program around its data and a set of well-defined interface to that data. The focus is on the to the data rather than the code. It can be charcterized as ""data controlling access to code"". ",5,2,0.5677006,0.5158306956291199,0.424
74,"Object-oriented programming (OOP) is a computer programming model that organizes software design around data, or objects, rather than functions and logic. It follows the bottom-up approach.","Object oriented Programming is a programming language that relies on the concept of classes and object. It is used to strulare a software program into simple, reusable piece of code blueprints which are used to create individual instance of objects",5,2,0.5822112,0.933790922164917,0.144
75,"Object-oriented programming (OOP) is a computer programming model that organizes software design around data, or objects, rather than functions and logic. It follows the bottom-up approach.",Object Oriented Programming is a computer programming model that organizes software design around data or objects rather than functions or and logic. Object Oriented Programming focuses on the objects that developers want to manipulate rather than the logic required to manipulate them,7,3,0.7558469,0.8995137810707092,0.424
76,"Object-oriented programming (OOP) is a computer programming model that organizes software design around data, or objects, rather than functions and logic. It follows the bottom-up approach.",This approach organizes its program around its data and a set of well-defined interface to that data. It can be charcterized as data controlling access to code.,4,2,0.5920082,0.7063213586807251,0.424
77,"Object-oriented programming (OOP) is a computer programming model that organizes software design around data, or objects, rather than functions and logic. It follows the bottom-up approach.",Object oriented programming is a programming paradigm which contains code and are more useful as they consider objects rather than a information approach.,3,1,0.6282675,0.6822924017906189,0.0
78,"Object-oriented programming (OOP) is a computer programming model that organizes software design around data, or objects, rather than functions and logic. It follows the bottom-up approach.","Object Oriented Programming is an approach in which the program execution is mainly carried out using objects and classes. The emphasis in oops is on data rather than on functions. This approach organizes a program around data and establishes a set of will defined interfaces to that data,",5,2,0.693789,0.9838632345199585,0.568
79,"Object-oriented programming (OOP) is a computer programming model that organizes software design around data, or objects, rather than functions and logic. It follows the bottom-up approach.",object oriented program means it is special feature of programming language where all the code and data will be in the class through objects we can access the data this is called object oriented program,4,2,0.55485743,0.6882492899894714,0.136
80,"Object-oriented programming (OOP) is a computer programming model that organizes software design around data, or objects, rather than functions and logic. It follows the bottom-up approach.","Object-oriented programming is used to provide the code a structure and increase code resusability. It aims to implement inheritance polymorphism, etc. in programming. The main aim is to bind the data and the functions that operate on them.",5,2,0.52714485,0.9275243282318115,0.568
81,"Object-oriented programming (OOP) is a computer programming model that organizes software design around data, or objects, rather than functions and logic. It follows the bottom-up approach.",Objected oriented programmaing is the type of programming where the objects (data) controls the access to the program code. An object of a class created is used to call functions of that class,4,2,0.59617573,0.8218328356742859,0.712
82,"Object-oriented programming (OOP) is a computer programming model that organizes software design around data, or objects, rather than functions and logic. It follows the bottom-up approach.",Object Oriented Programming is the making use of objects and data to monitor and compiler the code,2,1,0.60014445,0.536675214767456,0.136
83,"Object-oriented programming (OOP) is a computer programming model that organizes software design around data, or objects, rather than functions and logic. It follows the bottom-up approach.",Object oriented programing is programing using the idea of classes and objects to design and display the programs.,4,2,0.6328062,0.9514297842979431,0.0
84,"Object-oriented programming (OOP) is a computer programming model that organizes software design around data, or objects, rather than functions and logic. It follows the bottom-up approach.","Object Oriented Programming provides a method of organising the program around its data (or instances) through a set of well defined interfaces, that is, data controlling access to code",4,2,0.65531904,0.9254347681999207,0.424
85,"Object-oriented programming (OOP) is a computer programming model that organizes software design around data, or objects, rather than functions and logic. It follows the bottom-up approach.",Object Oriented Programming is at the core of Java. The approach organizes a program around its data (ie. objects) and a set of well defined interfaces to that data,4,2,0.6424542,0.9883459210395813,0.568
86,"Object-oriented programming (OOP) is a computer programming model that organizes software design around data, or objects, rather than functions and logic. It follows the bottom-up approach.",Object Oriented Programing is a method of programming where the code is written around the data . It encompasses objects and a set of well-defined interfaces to the data. It can be characterised as data controlling access to code,5,2,0.6437497,0.9642234444618225,0.424
87,"Object-oriented programming (OOP) is a computer programming model that organizes software design around data, or objects, rather than functions and logic. It follows the bottom-up approach.","It refers to languages that uses objects in programming. It aims to implement real-world entities like inheritance, hiding, etc.",2,1,0.44941857,0.9491068720817566,0.288
88,"Object-oriented programming (OOP) is a computer programming model that organizes software design around data, or objects, rather than functions and logic. It follows the bottom-up approach.",Object oriented programming organizes a program around its data and a set of well-defined interfaces to that data. It can be characterized as data controlling access to code.,4,2,0.6367553,0.959324061870575,0.424
89,"Object-oriented programming (OOP) is a computer programming model that organizes software design around data, or objects, rather than functions and logic. It follows the bottom-up approach.",Object Oriented Programming is a programming language based on concept of objects which can contain data and code.,3,1,0.64165694,0.9728014469146729,0.136
90,"Object-oriented programming (OOP) is a computer programming model that organizes software design around data, or objects, rather than functions and logic. It follows the bottom-up approach.",Object Oriented Programming is a programming language based on concept of objects which can contain data and code.,3,1,0.64165694,0.9728014469146729,0.136
91,"Object-oriented programming (OOP) is a computer programming model that organizes software design around data, or objects, rather than functions and logic. It follows the bottom-up approach.","Object Oriented Programming  is about creating objects that contain Both data and methods. In oop, programmers define the data type of a data structure and the type of operations that can applied to the data structure. ",4,2,0.5769905,0.9509925246238708,0.424
92,"Object-oriented programming (OOP) is a computer programming model that organizes software design around data, or objects, rather than functions and logic. It follows the bottom-up approach.",Object Oriented Programming is the approach that organizes a program around its data ie. objects and set of well designed interfaces to the data. It can be  characterized as data controlling access to code,4,2,0.68852484,0.9431106448173523,0.568
93,"Object-oriented programming (OOP) is a computer programming model that organizes software design around data, or objects, rather than functions and logic. It follows the bottom-up approach.",Object Oriented poogsaming is the feature which has a programming languge structure where in the data and their associated processing are defined as self contained entities called objects.,3,1,0.51022166,0.7668187618255615,0.28
94,"Object-oriented programming (OOP) is a computer programming model that organizes software design around data, or objects, rather than functions and logic. It follows the bottom-up approach.",the obiect oriented programming is the approach to organize a Program around it's data and set of well defined interfaces,4,2,0.6432471,0.8114209175109863,0.424
95,"Object-oriented programming (OOP) is a computer programming model that organizes software design around data, or objects, rather than functions and logic. It follows the bottom-up approach.",Object oriented programing is programing using the idea of classes and objects to design and display programs.,3,1,0.62947965,0.9536342024803162,0.0
96,"Object-oriented programming (OOP) is a computer programming model that organizes software design around data, or objects, rather than functions and logic. It follows the bottom-up approach.","Object Oriented Programming refers to languages that uses objects in programming . It aims to implement realworld entities like inheritance, hiding, polymorphism etc. in programming. ",4,2,0.5179268,0.9193812012672424,0.288
97,"Object-oriented programming (OOP) is a computer programming model that organizes software design around data, or objects, rather than functions and logic. It follows the bottom-up approach.",Object Oriented Programming this method organizes a program around it's data a set of well-defined interfaces to that data. It can be characterized as data controlling access to code,4,2,0.6522533,0.6154572367668152,0.424
98,"Object-oriented programming (OOP) is a computer programming model that organizes software design around data, or objects, rather than functions and logic. It follows the bottom-up approach.","object oriented programing is a programing paradigm based On the concept of objects, which can contain data and code. Data in the form of fields, and code in the form of procedures",4,2,0.6263946,0.9332006573677063,0.136
99,"Object-oriented programming (OOP) is a computer programming model that organizes software design around data, or objects, rather than functions and logic. It follows the bottom-up approach.","OOP is a computer programming model which is based on the concept of data organized in the form of objects, it gives more importance to data and objects as compared to the function logic.",6,3,0.7696216,0.8628478646278381,0.28
100,"Object-oriented programming (OOP) is a computer programming model that organizes software design around data, or objects, rather than functions and logic. It follows the bottom-up approach.","OOP uses objects in programming. oop aims implement to real-world entities like encapsulation,polymorphism etc in programming. The main aim of oop bind is to together the data and functions that operate on them so that no other part of the code can access that this data except that function .",6,3,0.585776,0.9293439388275146,0.856
101,"Object-oriented programming (OOP) is a computer programming model that organizes software design around data, or objects, rather than functions and logic. It follows the bottom-up approach.","OOP is a computer programming paradigm that focuses on storing data in the form of objects. It has features such as polymorphism, inheritence and modules,which focus on objects and data and not the function logic",6,3,0.7055711,0.9858717322349548,0.28
102,"Object-oriented programming (OOP) is a computer programming model that organizes software design around data, or objects, rather than functions and logic. It follows the bottom-up approach.",Object Oriented programming is based on organizing data in the form of objects. It does not focus on the main function logic. It follows a bottom-up approach.,7,3,0.8030162,0.9911686182022095,0.136
103,"Object-oriented programming (OOP) is a computer programming model that organizes software design around data, or objects, rather than functions and logic. It follows the bottom-up approach.","OOP is a methodology which involves encapsulating data and methods in the form of objects. It does not focus on the function logic ,rather on objects created. It follows a bottom up approach.",7,3,0.77782226,0.9707626700401306,0.28
104,"Object-oriented programming (OOP) is a computer programming model that organizes software design around data, or objects, rather than functions and logic. It follows the bottom-up approach.","Object Oriented Programming (OOP) is a type of programming ,where the software design is  organized around the data and objects rather than the functoin and logic",7,3,0.8237946,0.8276029229164124,0.856
105,"Object-oriented programming (OOP) is a computer programming model that organizes software design around data, or objects, rather than functions and logic. It follows the bottom-up approach.",Object-oriented programming or OOPs is a model that can organizes software design around data rather than functions and logic. It follows the bottom-up approach.,7,3,0.8862935,0.965596616268158,0.568
106,"Object-oriented programming (OOP) is a computer programming model that organizes software design around data, or objects, rather than functions and logic. It follows the bottom-up approach.",Object-oriented programming or OOPs is a model that can organizes programs around data rather than functions and logic. It follows the bottom-up approach.,7,3,0.89379483,0.9843854308128357,0.568
107,"Object-oriented programming (OOP) is a computer programming model that organizes software design around data, or objects, rather than functions and logic. It follows the bottom-up approach.",Object-oriented programming is a model that can organizes software design around data rather than functions .it doesnot use center its data around logic..,6,3,0.7550135,0.5655751824378967,0.568
108,"Object-oriented programming (OOP) is a computer programming model that organizes software design around data, or objects, rather than functions and logic. It follows the bottom-up approach.",Object-oriented programming or OOPs is a model that can organizes software design around data . it doesnot use logic or functions to represent its data.,7,3,0.7601222,0.6696469187736511,0.568
109,"Object-oriented programming (OOP) is a computer programming model that organizes software design around data, or objects, rather than functions and logic. It follows the bottom-up approach.",Programming refers to a technological process for telling a computer which tasks to perform in order to solve problems.,0,0,0.46092764,0.9756091237068176,0.432
110,"Object-oriented programming (OOP) is a computer programming model that organizes software design around data, or objects, rather than functions and logic. It follows the bottom-up approach.","In computer software, a module is an extension to a main program dedicated to a specific function. In programming, a module is a section of code that is added in as a whole or is designed for easy reusability",0,0,0.40872058,0.991913914680481,0.288
111,"Object-oriented programming (OOP) is a computer programming model that organizes software design around data, or objects, rather than functions and logic. It follows the bottom-up approach.",OOps refers to programming the software in such a way that the data is represented or designed around objects rather than complex functions and unnecessary logics in a bottom up approach manner.,7,3,0.8702311,0.8325899243354797,0.28
112,"Object-oriented programming (OOP) is a computer programming model that organizes software design around data, or objects, rather than functions and logic. It follows the bottom-up approach.","object is any thing that can be touched or seen. We corelate the object in real life to computer program as something that we can program,popps is used in java",0,0,0.47634712,0.7841531038284302,0.144
113,"Object-oriented programming (OOP) is a computer programming model that organizes software design around data, or objects, rather than functions and logic. It follows the bottom-up approach.",OOPs programs in terms of data around object,1,0,0.64801216,0.7168523073196411,0.28
114,"Object-oriented programming (OOP) is a computer programming model that organizes software design around data, or objects, rather than functions and logic. It follows the bottom-up approach.","OOP is an approach organizes the software design around it's data (ie, objects) & a set of well defined Interfaces to that data",2,1,0.67971694,0.5065064430236816,0.28
115,"Object-oriented programming (OOP) is a computer programming model that organizes software design around data, or objects, rather than functions and logic. It follows the bottom-up approach.",OOP is a programming language where data is stored in the form of objects,1,0,0.63098526,0.9914863109588623,0.28
116,"Object-oriented programming (OOP) is a computer programming model that organizes software design around data, or objects, rather than functions and logic. It follows the bottom-up approach.","OOP makes use of modularity, polymorphism, inhertiance and data abstractoin.",1,0,0.46165925,0.9485950469970703,0.144
117,"Object-oriented programming (OOP) is a computer programming model that organizes software design around data, or objects, rather than functions and logic. It follows the bottom-up approach.",OOP is a programming language that is used in Java and C++,0,0,0.50137717,0.9818879961967468,0.144
118,"Object-oriented programming (OOP) is a computer programming model that organizes software design around data, or objects, rather than functions and logic. It follows the bottom-up approach.","OOP uses objects in programming. oop aims implement to real-world entities like encapsulation,polymorphism etc in programming. The main aim of oop is organize the software design around objects and classes as opposed to function and logic",7,3,0.6835341,0.8874310851097107,0.432
119,"Object-oriented programming (OOP) is a computer programming model that organizes software design around data, or objects, rather than functions and logic. It follows the bottom-up approach.",OOPs can be calssified as a language modeling approach where we design our model by programming data around objects .As in generic approach we do not use functions or logic to represent data.We also follow bottom up approach,7,3,0.7688429,0.9562996625900269,0.568
120,"Object-oriented programming (OOP) is a computer programming model that organizes software design around data, or objects, rather than functions and logic. It follows the bottom-up approach.",OOPs can be calssified as a language modeling approach where we design our model by programming data around objects .As in generic approach we do not use functions  to represent data.We also follow bottom up approach,6,3,0.7686062,0.921320378780365,0.424
121,"Object-oriented programming (OOP) is a computer programming model that organizes software design around data, or objects, rather than functions and logic. It follows the bottom-up approach.",OOps refers to programming the software in such a way that the data is represented or designed around objects rather than complex functions.we represent the software design in this manner.,6,3,0.74036807,0.8857652544975281,0.28
122,"Object-oriented programming (OOP) is a computer programming model that organizes software design around data, or objects, rather than functions and logic. It follows the bottom-up approach.",Oriented programming is a type of programming model in which data is given more preference over logic. as In Object oriented programming everything is dealt as an object.,5,2,0.6072708,0.5299243330955505,0.712
123,"Object-oriented programming (OOP) is a computer programming model that organizes software design around data, or objects, rather than functions and logic. It follows the bottom-up approach.",OOP is at core of Java. It is a programming paradigm based on the concept of objects and set of well defined interfaces to that object. It does not give importance to functions and logic.,6,3,0.54376405,0.9874575734138489,0.576
124,"Object-oriented programming (OOP) is a computer programming model that organizes software design around data, or objects, rather than functions and logic. It follows the bottom-up approach.",oops is an approach for programming the data around objects rather than functions.,5,2,0.77506316,0.704669713973999,0.28
125,"Object-oriented programming (OOP) is a computer programming model that organizes software design around data, or objects, rather than functions and logic. It follows the bottom-up approach.",OOPs or object oriented programming is a computer programming approach where we use the software design model and organize it around data which are collectively called objects.We can create new instances of objects and reuse it rather than functions.,6,3,0.7774614,0.8361648321151733,0.28
126,"Object-oriented programming (OOP) is a computer programming model that organizes software design around data, or objects, rather than functions and logic. It follows the bottom-up approach.",The object oriented programing is a type of Programming where the code revolves around objects and its well defined objects. The main functions and logic is hidden away from the user. It follows a bottom up approach,5,2,0.63086593,0.932137668132782,0.432
127,"Object-oriented programming (OOP) is a computer programming model that organizes software design around data, or objects, rather than functions and logic. It follows the bottom-up approach.","object-oriented programming is a method based on the concept of ""objects"", which can contain data and code: data in the form of fields, and code in the form of procedures. An importsant feature is that logic is abstracted using classes.",5,2,0.52536297,0.9784600138664246,0.28
128,"Object-oriented programming (OOP) is a computer programming model that organizes software design around data, or objects, rather than functions and logic. It follows the bottom-up approach.",The object oriented programing is a type of Programming where the code revolves around objects and its well defined objects. This implies that a bunch of objects with well defined functions to access/modify them.,5,2,0.54960185,0.5218835473060608,0.432
